{"cameraMode":{"drawMode":0,"name":"Shaded","section":"Shading Mode"},"sceneLighting":false,"audioPlay":false,"sceneViewState":{"showFog":true,"showMaterialUpdate":false,"showSkybox":true,"showFlares":true,"showImageEffects":true,"showParticleSystems":true},"in2DMode":false,"pivot":{"x":276.6001892089844,"y":894.5162963867188,"z":134.7220458984375},"rotation":{"x":0.1553221493959427,"y":0.7987728714942932,"z":-0.23299247026443482,"w":0.5324955582618713},"size":11.240117073059082,"orthographic":false}