{"cameraMode":{"drawMode":0,"name":"Shaded","section":"Shading Mode"},"sceneLighting":true,"audioPlay":false,"sceneViewState":{"showFog":true,"showMaterialUpdate":false,"showSkybox":true,"showFlares":true,"showImageEffects":true,"showParticleSystems":true},"in2DMode":false,"pivot":{"x":4.637527942657471,"y":21.92236328125,"z":16.274423599243165},"rotation":{"x":0.12802234292030335,"y":0.8129400610923767,"z":-0.5335649847984314,"w":0.19505691528320313},"size":43.5020751953125,"orthographic":false}